{
  "benchmarks": [
    {
      "name": "comprehensions",
      "samples": [
        5.153399979462847e-05,
        5.0923999879159965e-05,
        5.163400055607781e-05,
        5.0503998863860033e-05,
        5.100399903312791e-05
      ],
      "median": 5.100399903312791e-05,
      "min": 5.0503998863860033e-05,
      "max": 5.163400055607781e-05
    },
    {
      "name": "logging_format",
      "samples": [
        2.5289800032624043e-05,
        2.582180004537804e-05,
        2.6113900094060228e-05,
        2.5283800096076447e-05,
        2.5863799965009094e-05
      ],
      "median": 2.582180004537804e-05,
      "min": 2.5283800096076447e-05,
      "max": 2.6113900094060228e-05
    },
    {
      "name": "logging_silent",
      "samples": [
        1.1551001080079004e-06,
        1.056099972629454e-06,
        9.841000064625404e-07,
        9.780000254977494e-07,
        1.0591000318527222e-06
      ],
      "median": 1.056099972629454e-06,
      "min": 9.780000254977494e-07,
      "max": 1.1551001080079004e-06
    },
    {
      "name": "logging_simple",
      "samples": [
        2.0587499966495672e-05,
        2.102250000461936e-05,
        2.003839999815682e-05,
        1.9956399955844973e-05,
        2.0088400015083606e-05
      ],
      "median": 2.0088400015083606e-05,
      "min": 1.9956399955844973e-05,
      "max": 2.102250000461936e-05
    }
  ],
  "benchmark_filter": [
    "comprehensions",
    "logging"
  ],
  "samples": 5,
  "autojit": 50
}
