{
  "benchmarks": [
    {
      "name": "comprehensions",
      "samples": [
        4.9352998757967725e-05,
        4.7793000703677535e-05,
        4.9094000132754445e-05,
        4.780400013260078e-05,
        5.017399962525815e-05
      ],
      "median": 4.9094000132754445e-05,
      "min": 4.7793000703677535e-05,
      "max": 5.017399962525815e-05
    },
    {
      "name": "logging_format",
      "samples": [
        2.6244899891025854e-05,
        2.555779992690077e-05,
        2.5482899945927785e-05,
        2.5324899979750626e-05,
        2.7740000041376335e-05
      ],
      "median": 2.555779992690077e-05,
      "min": 2.5324899979750626e-05,
      "max": 2.7740000041376335e-05
    },
    {
      "name": "logging_silent",
      "samples": [
        9.281000529881567e-07,
        9.639999916544184e-07,
        1.0531000953051262e-06,
        9.759998647496104e-07,
        9.96999915514607e-07
      ],
      "median": 9.759998647496104e-07,
      "min": 9.281000529881567e-07,
      "max": 1.0531000953051262e-06
    },
    {
      "name": "logging_simple",
      "samples": [
        2.0872400091320743e-05,
        2.0623400087060872e-05,
        2.0128500000282657e-05,
        2.17586000871961e-05,
        2.03555000553024e-05
      ],
      "median": 2.0623400087060872e-05,
      "min": 2.0128500000282657e-05,
      "max": 2.17586000871961e-05
    }
  ],
  "benchmark_filter": [
    "comprehensions",
    "logging"
  ],
  "samples": 5,
  "autojit": 50
}
