{
  "host": "ecs-8416-c44a",
  "benchmark": "richards",
  "samples_per_mode": 8,
  "autojit": 50,
  "mode_samples": {
    "nojit": [
      0.05675003500073217,
      0.05289429999538697,
      0.051719836992560886,
      0.051669623993802816,
      0.05313859900343232,
      0.05827931499516126,
      0.05159766999713611,
      0.051670775006641634
    ],
    "jitlist": [
      0.0516903460083995,
      0.05589903499640059,
      0.0518326769961277,
      0.0643627870013006,
      0.051440428011119366,
      0.05155327699321788,
      0.05186109799251426,
      0.059287886004312895
    ],
    "autojit50": [
      0.05433787500078324,
      0.05195904499851167,
      0.05192601399903651,
      0.05187499900057446,
      0.05208939500153065,
      0.05148196099617053,
      0.05143577799026389,
      0.051663594000274315
    ]
  }
}