{
  "host": "ecs-8416-c44a",
  "benchmark": "richards",
  "samples_per_mode": 8,
  "autojit": 50,
  "mode_samples": {
    "nojit": [
      0.08075639199523721,
      0.08161355298943818,
      0.06286433200875763,
      0.08033627200347837,
      0.08037273499940056,
      0.07969114699517377,
      0.06744904699735343,
      0.07939376500144135
    ],
    "jitlist": [
      0.1394341270060977,
      0.14691605800180696,
      0.14082323500770144,
      0.10543611299362965,
      0.1062862539984053,
      0.09263858500344213,
      0.13598305299819913,
      0.09056339900416788
    ],
    "autojit50": [
      0.11609847100044135,
      0.13721146900206804,
      0.09214909101137891,
      0.08579397000721656,
      0.1365639940049732,
      0.140713627988589,
      0.1466206970071653,
      0.1512704670021776
    ]
  }
}