{
  "host": "ecs-8416-c44a",
  "benchmark": "richards",
  "samples_per_mode": 8,
  "autojit": 50,
  "mode_samples": {
    "nojit": [
      0.05548942599853035,
      0.05179902499367017,
      0.051699807998375036,
      0.05165915501129348,
      0.051669275999302045,
      0.05155352700967342,
      0.0518271460023243,
      0.05195087500032969
    ],
    "jitlist": [
      0.05177822300174739,
      0.05266956599371042,
      0.05141570699925069,
      0.05179338400193956,
      0.05187621001095977,
      0.05155383799865376,
      0.051733900007093325,
      0.0518112550053047
    ],
    "autojit50": [
      0.052353724007843994,
      0.05180890500196256,
      0.051731839004787616,
      0.051792493992252275,
      0.051671203997102566,
      0.05250833398895338,
      0.051680664997547865,
      0.051925402993219905
    ]
  }
}