{
  "nojit": {
    "count": 8,
    "mean": 0.07655965537378506,
    "median": 0.08001370949932607,
    "min": 0.06286433200875763,
    "max": 0.08161355298943818
  },
  "jitlist": {
    "count": 8,
    "mean": 0.11976010300168127,
    "median": 0.12113465349830221,
    "min": 0.09056339900416788,
    "max": 0.14691605800180696
  },
  "autojit50": {
    "count": 8,
    "mean": 0.12580272337800125,
    "median": 0.13688773150352063,
    "min": 0.08579397000721656,
    "max": 0.1512704670021776
  }
}