{
  "host": "ecs-8416-c44a",
  "benchmark": "richards",
  "samples_per_mode": 8,
  "autojit": 50,
  "mode_samples": {
    "nojit": [
      0.05186826999124605,
      0.0518066450022161,
      0.051805946000968106,
      0.051748022000538185,
      0.05179697599669453,
      0.05154671799391508,
      0.05151948500133585,
      0.05209669700707309
    ],
    "jitlist": [
      0.05216994200600311,
      0.051719149996642955,
      0.05223408299207222,
      0.05167129200708587,
      0.05175544900703244,
      0.05155705400102306,
      0.05179733100521844,
      0.05158265600039158
    ],
    "autojit50": [
      0.051772470003925264,
      0.051538753003114834,
      0.05145745199115481,
      0.051707610007724725,
      0.051855090001481585,
      0.05185848000110127,
      0.05171525100013241,
      0.05167502698895987
    ]
  }
}