{
  "baseline": "D:\\code\\cinderx-upstream-20260213\\artifacts\\richards\\arm_baseline_postalloc_ab_s8_clean_20260221_084809.json",
  "after": "D:\\code\\cinderx-upstream-20260213\\artifacts\\richards\\arm_postalloc_ab_s8_clean_20260221_085811.json",
  "modes": {
    "nojit": {
      "baseline_mean": 0.05220602975168731,
      "after_mean": 0.051773594874248374,
      "mean_speedup_pct": 0.8283236237188865,
      "baseline_median": 0.051749416496022604,
      "after_median": 0.05180146099883132,
      "median_speedup_pct": -0.10057022152648329,
      "speedup_ci95_pct": [
        -0.28563599965773084,
        2.6408879608414466
      ],
      "baseline_samples": [
        0.05548942599853035,
        0.05179902499367017,
        0.051699807998375036,
        0.05165915501129348,
        0.051669275999302045,
        0.05155352700967342,
        0.0518271460023243,
        0.05195087500032969
      ],
      "after_samples": [
        0.05186826999124605,
        0.0518066450022161,
        0.051805946000968106,
        0.051748022000538185,
        0.05179697599669453,
        0.05154671799391508,
        0.05151948500133585,
        0.05209669700707309
      ]
    },
    "jitlist": {
      "baseline_mean": 0.05182901037733245,
      "after_mean": 0.05181086962693371,
      "mean_speedup_pct": 0.03500115141437636,
      "baseline_median": 0.051785803501843475,
      "after_median": 0.0517372995018377,
      "median_speedup_pct": 0.0936627352012628,
      "speedup_ci95_pct": [
        -0.4915440115229739,
        0.6461685284903761
      ],
      "baseline_samples": [
        0.05177822300174739,
        0.05266956599371042,
        0.05141570699925069,
        0.05179338400193956,
        0.05187621001095977,
        0.05155383799865376,
        0.051733900007093325,
        0.0518112550053047
      ],
      "after_samples": [
        0.05216994200600311,
        0.051719149996642955,
        0.05223408299207222,
        0.05167129200708587,
        0.05175544900703244,
        0.05155705400102306,
        0.05179733100521844,
        0.05158265600039158
      ]
    },
    "autojit50": {
      "baseline_mean": 0.05193407099795877,
      "after_mean": 0.05169751662469935,
      "mean_speedup_pct": 0.45548975598065655,
      "baseline_median": 0.051800699497107416,
      "after_median": 0.05171143050392857,
      "median_speedup_pct": 0.172331636532887,
      "speedup_ci95_pct": [
        0.04758553053895458,
        0.9103079941043892
      ],
      "baseline_samples": [
        0.052353724007843994,
        0.05180890500196256,
        0.051731839004787616,
        0.051792493992252275,
        0.051671203997102566,
        0.05250833398895338,
        0.051680664997547865,
        0.051925402993219905
      ],
      "after_samples": [
        0.051772470003925264,
        0.051538753003114834,
        0.05145745199115481,
        0.051707610007724725,
        0.051855090001481585,
        0.05185848000110127,
        0.05171525100013241,
        0.05167502698895987
      ]
    }
  }
}