{
  "arm": {
    "count": 8,
    "mean": 0.05346501937310677,
    "median": 0.05230706849397393,
    "min": 0.05159766999713611,
    "max": 0.05827931499516126
  },
  "x86": {
    "count": 8,
    "mean": 0.1217492471478181,
    "median": 0.08663174050161615,
    "min": 0.08028706104960293,
    "max": 0.204855477088131
  },
  "speedup_pct": 56.08595484110561,
  "speedup_ci95_pct": [
    41.18869168421073,
    66.50899550129753
  ]
}