{
  "arm": {
    "count": 8,
    "mean": 0.05209608262339316,
    "median": 0.05190050649980549,
    "min": 0.05143577799026389,
    "max": 0.05433787500078324
  },
  "x86": {
    "count": 8,
    "mean": 0.10805642799823545,
    "median": 0.09940919798100367,
    "min": 0.08397974097169936,
    "max": 0.16234448901377618
  },
  "speedup_pct": 51.78807629635519,
  "speedup_ci95_pct": [
    43.83273101750679,
    59.174019025443656
  ]
}