{
  "arm": {
    "count": 8,
    "mean": 0.0547409417504241,
    "median": 0.05184688749432098,
    "min": 0.051440428011119366,
    "max": 0.0643627870013006
  },
  "x86": {
    "count": 8,
    "mean": 0.09204413948464207,
    "median": 0.0882495460100472,
    "min": 0.08274906396400183,
    "max": 0.11355953896418214
  },
  "speedup_pct": 40.5275098915365,
  "speedup_ci95_pct": [
    34.79275248322253,
    45.92841696257768
  ]
}