{
    "timestamp":  "20260221_091757",
    "arm_host":  "124.70.162.35",
    "x86_host":  "106.14.164.133",
    "samples":  8,
    "autojit":  50,
    "arm_samples_json":  "D:\\code\\cinderx-upstream-20260213\\artifacts\\richards\\arm_samples_20260221_091757.json",
    "x86_samples_json":  "D:\\code\\cinderx-upstream-20260213\\artifacts\\richards\\x86_samples_20260221_091757.json",
    "mode_compare":  {
                         "nojit":  {
                                       "arm":  {
                                                   "count":  8,
                                                   "mean":  0.05346501937310677,
                                                   "median":  0.05230706849397393,
                                                   "min":  0.05159766999713611,
                                                   "max":  0.05827931499516126
                                               },
                                       "x86":  {
                                                   "count":  8,
                                                   "mean":  0.1217492471478181,
                                                   "median":  0.08663174050161615,
                                                   "min":  0.08028706104960293,
                                                   "max":  0.204855477088131
                                               },
                                       "speedup_pct":  56.08595484110561,
                                       "speedup_ci95_pct":  [
                                                                41.18869168421073,
                                                                66.50899550129753
                                                            ]
                                   },
                         "jitlist":  {
                                         "arm":  {
                                                     "count":  8,
                                                     "mean":  0.0547409417504241,
                                                     "median":  0.05184688749432098,
                                                     "min":  0.051440428011119366,
                                                     "max":  0.0643627870013006
                                                 },
                                         "x86":  {
                                                     "count":  8,
                                                     "mean":  0.09204413948464207,
                                                     "median":  0.0882495460100472,
                                                     "min":  0.08274906396400183,
                                                     "max":  0.11355953896418214
                                                 },
                                         "speedup_pct":  40.5275098915365,
                                         "speedup_ci95_pct":  [
                                                                  34.79275248322253,
                                                                  45.92841696257768
                                                              ]
                                     },
                         "autojit50":  {
                                           "arm":  {
                                                       "count":  8,
                                                       "mean":  0.05209608262339316,
                                                       "median":  0.05190050649980549,
                                                       "min":  0.05143577799026389,
                                                       "max":  0.05433787500078324
                                                   },
                                           "x86":  {
                                                       "count":  8,
                                                       "mean":  0.10805642799823545,
                                                       "median":  0.09940919798100367,
                                                       "min":  0.08397974097169936,
                                                       "max":  0.16234448901377618
                                                   },
                                           "speedup_pct":  51.78807629635519,
                                           "speedup_ci95_pct":  [
                                                                    43.83273101750679,
                                                                    59.174019025443656
                                                                ]
                                       }
                     }
}
