{
  "host": "iZuf6d64jsvaxvu85wlrr5Z",
  "benchmark": "richards",
  "samples_per_mode": 8,
  "autojit": 50,
  "mode_samples": {
    "nojit": [
      0.0807503720279783,
      0.08293500798754394,
      0.08028706104960293,
      0.1584525180514902,
      0.08596278901677579,
      0.08730069198645651,
      0.1934500599745661,
      0.204855477088131
    ],
    "jitlist": [
      0.08503556798677891,
      0.11355953896418214,
      0.1024858639575541,
      0.09000616299454123,
      0.08649292902555317,
      0.08450807398185134,
      0.08274906396400183,
      0.09151591500267386
    ],
    "autojit50": [
      0.09088374301791191,
      0.08909208106342703,
      0.16234448901377618,
      0.10271283495239913,
      0.13293250696733594,
      0.08397974097169936,
      0.10640046698972583,
      0.09610556100960821
    ]
  }
}